Name,"Pub Dates",Added
acorde,"2022-04-05, NA",2021-05-14
ACTINN,"2019-07-29, NA",2019-02-01
ACTION,"2018-04-17, NA",2018-04-23
ACTIONet,"2020-10-26, NA",2019-12-10
ACTIVA,"2022-02-18, NA",2021-02-05
activeSVC,"2022-06, NA",2022-02-18
ADC,2021-11-09,2021-11-20
ADClust,"2022-05-06, NA",2022-01-06
ADImpute,"NA, 2022-02-17",2020-10-30
adobo,2020-04-23,2020-05-05
adverSCarial,,2023-11-03
AE-TPGG,2022-10-26,2022-11-04
aggregateBioVar,2021-05-10,2020-10-30
airpart,,2021-05-21
aLDG,NA,2022-03-18
alevin-fry,"2022-03, NA",2021-05-21
alevinQC,,2019-05-31
ALRA,"2022-01-11, NA",2018-08-31
AltAnalyze,"2016-08-31, 2019-09-16, NA",2017-07-16
AlzScPred,NA,2023-07-14
AmbientContaminationMetrics,"2023-07, NA",2022-10-28
anchor,2017-07,2016-09-08
ANS,NA,2023-10-20
anticor_features,NA,2022-12-09
APL,"2022-03, NA",2022-03-18
ASAP,"2017-05-24, 2020-05-25, NA",2018-11-12
Asc-Seurat,"NA, 2021-11-18",2021-03-26
ascend,"2019-08-24, NA",2017-11-20
ASTK,NA,2023-09-01
ASURAT,"2022-08-04, NA",2021-06-11
ATAXIC,2022-08-31,2022-09-09
AUCell,"2017-10-09, NA",2017-06-26
Augur,"2020-07-20, 2021-06-25, NA",2020-01-02
AutoClass,"2022-04-07, NA",2020-12-12
AutoImpute,2018-11-05,2018-11-09
AutomaticCellTypeIdentification,2021-10,2021-10-29
AWGAN,"2022-06-30, NA",2021-11-20
BABEL,"2021-04-07, NA",2020-11-15
BackSPIN,2015-02-19,2016-09-08
badger,,2017-06-05
BALDR,2018-03-20,2018-04-04
BAMMSC,"2019-04-09, NA",2018-11-12
BarCounter,2022-03-27,2022-04-01
baredSC,"NA, 2022-01-12",2021-05-28
BarMixer,2022-03-27,2022-04-01
BARtab,NA,2023-11-24
bartools,NA,2023-11-24
BASIC,2016-10-02,2016-10-10
BASiCS,"2018-09, NA, NA, 2016-04-15, 2022-01-18, 2015-06-24",2016-09-08
BASiCStan,,2022-11-04
BasisVAE,NA,2020-03-23
BatchBench,"2021-02-01, NA",2020-05-29
batchelor,"2018-04-02, NA",2019-06-28
BATMAN,"2020-06, NA",2020-02-01
BayesEATS,2021-04-12,2021-06-11
BayesPrism,"2022-04, NA",2020-01-14
bayNorm,"2019-10-04, NA",2018-08-24
bbknn,"2019-08-10, NA",2018-08-24
BC_tSNE,2020-03-16,2020-03-25
bcbio,,2019-11-06
bcbioSingleCell,,2019-11-06
BCseq,2018-04-30,2018-05-11
BDA,"2021-10-04, NA",2021-05-07
BEANIE,NA,2021-10-29
BEARscc,"2018-03-22, NA",2017-04-27
BEELINE,"2020-01-06, NA",2019-05-23
BEENE,2023-08-10,2023-08-18
BEER,2019-09-24,2019-09-30
BENISSE,2022-06-02,2022-06-10
BERMUDA,"NA, 2019-08-12",2020-03-03
BESCA,"2021-10-04, NA",2020-08-20
Beyondcell,"NA, 2021-12",2021-04-12
Bfimpute,"2021-12, NA, 2021",2021-02-12
bigSCale,"NA, 2018-05-03",2017-10-29
bigSCale2,"NA, NA, 2018-05-03, 2019-06-04",2019-07-11
BigSur,NA,2023-11-10
bindSC,"NA, 2022-05-09",2020-09-10
BingleSeq,"NA, 2020-12-22",2020-06-26
biolord,"2024-01-15, NA",2023-03-10
Biomodelling,"NA, 2022-06-17",2022-08-12
BioTIP,"2022-05-30, NA",2021-07-02
BIRD,"2017-10-19, 2019-08-20, NA, NA",2019-08-26
BISCUIT,2017-01-26,2018-11-12
Bisque,"2020-04-24, NA",2019-06-20
BITFAM,2021-06-30,2021-07-09
BLGGM,,2022-03-18
bollito,2021-11-12,2021-11-20
bonvoyage,2017-07,2016-09-08
BPSC,2016-04-19,2016-09-08
BraCeR,"2018-07-31, NA",2017-09-09
BranchedGP,"NA, 2018-05-29",2017-07-20
BRAPeS,"NA, 2019-08-26",2018-08-24
BREM-SC,"2020-05-07, NA",2020-02-01
BRIE,"NA, NA, 2017-06-27, 2021-08-27",2017-01-10
BSDE,"2022-03-25, NA",2022-04-01
bseqsc,2016-10,2018-06-27
BTR,2016-09-06,2016-09-12
BUSseq,"2020-07-01, NA",2019-02-01
bustools,"2021-04-01, 2019-05-09, NA, NA, NA",2018-12-01
BZINB,"NA, 2023-05-11",2020-03-18
CAbiNet,NA,2023-01-04
CACTUS,"NA, 2021-03-24",2020-06-26
CAISC,2022-03-21,2022-05-01
CALISTA,"NA, NA, 2023-04-20, 2020-02-04",2018-03-22
CAMLU,"2022-09-09, NA",2022-09-16
CancerInSilico,"NA, 2019-04-19",2018-06-19
Canek,"2022-01-13, NA",2021-05-07
CanSig,NA,2023-01-20
CAPITAL,"2022-10-14, NA",2019-12-05
Capybara,"2022-04, NA",2020-03-03
CARDAMOM,"NA, 2023-03-27",2022-06-24
CarDEC,"NA, 2021-05-25",2020-10-05
cardelino,"2020-03-16, NA",2018-07-18
CaSee,"2022-10-03, NA",2022-02-18
CASi,NA,2023-08-27
CaSpER,2020-01-03,2020-01-13
CaSTLe,2018-10-10,2018-10-29
CausalDAG,"2021-03-11, NA",2020-05-22
cb_sniffer,"2019-08-14, NA",2018-10-29
ccdf,NA,2021-05-28
ccfindR,2019-07-02,2018-05-13
ccImpute,2022-07-22,2022-08-19
ccNet,2022-02-21,2022-03-04
CCNMF,NA,2020-02-17
CCPE,"2021-12-21, NA",2021-06-18
CCPlotR,2023-09-20,2023-10-20
ccRemover,"2016-09-27, NA",2018-04-23
CCSF,2023-09,2023-09-15
CCSN,"2021-03, NA",2020-02-05
CDI,"NA, 2022-12-27",2022-01-06
CDR-g,NA,2023-03-17
CEFCON,2023-12-20,2024-01-05
celaref,,2018-06-08
celda,,2019-01-18
CeLEry,2023-07-08,2023-07-14
Cell-BLAST,"2020-07-10, NA",2019-04-16
cell2cell,"2022-06-27, NA, NA, 2022-11-17",2021-08-07
cell2fate,NA,2023-08-11
cell2location,"2022-01-13, NA",2020-11-22
cell2sentence,NA,2023-10-20
cell2sentence-ft,NA,2023-10-20
cellAlign,2018-03-12,2018-03-14
CellANOVA,NA,2023-05-26
Cellar,"2022-04-14, NA",2021-03-26
CellaRepertorium,,2020-11-29
cellassign,"2019-09-09, NA",2019-01-11
cellatlas,NA,2023-10-20
CellBench,"2019-05-27, 2019-11-28, NA",2019-05-31
CellBender,"2023-08-07, NA",2019-10-09
CellBIC,2018-08-08,2018-08-17
CellBridge,2023-12-19,2024-01-05
cellBrowser,,2018-10-02
CellCall,2021-07-31,2021-08-08
CellChat,"2021-02-17, NA, NA",2020-07-31
CellContrast,NA,2023-11-03
cellDancer,2023-04-03,2023-03-31
CellDrift,"2022-08-23, NA",2022-05-01
cellenium,2023-06-01,2023-07-01
CellexalVR,"2021-11, NA",2020-10-05
CellFishing,"NA, 2019-02-11",2018-11-12
CellGEP,NA,2023-02-10
cellgrid,NA,2020-07-31
CellHint,"2023-12, NA",2023-11-03
CellID,"2021-04-29, NA",2020-06-26
Cellity,2016-02-17,2016-09-08
CellLayers,"2022-01-01, NA",2022-05-20
CellMap,,2023-03-31
CellMeSH,"2021-12-10, NA",2020-06-05
CellMixS,"NA, 2021-03-23",2020-12-12
CellO,"2021-01, NA",2019-05-17
cellograph,NA,2023-03-03
CellOracle,"2023-01, 2023-02-08, NA",2021-01-25
CellOT,"2023-09-28, NA",2022-08-12
CellPath,"2021-10, NA",2021-02-26
CellPhoneDB,"2018-11-14, 2020-02-26, NA, NA, NA",2018-11-16
CellPLM,NA,2023-10-27
cellpypes,,2022-06-17
CellRanger,"2017-01-16, NA",2017-06-08
CellRank,"2022-01-13, NA, NA",2020-10-27
CellRegMap,"NA, 2022-08",2021-09-03
CellRouter,2018-03-01,2018-03-14
CellSIUS,"NA, 2019-07-17",2021-07-16
cellsnake,"2022-12-28, NA",2023-05-26
cellSNP,,2020-01-08
cellsnp-lite,"2021-05-08, NA",2021-01-08
CellST,2023-03,2023-03-31
cellstates,NA,2023-11-10
cellstruct,NA,2023-11-17
CellTagR,"2020-02-12, NA, 2019-05-09",2020-02-21
celltalker,2020-01,2020-05-29
CellTICS,2023-12-07,2024-01-05
CellTools,NA,2022-03-18
CellTrails,2018-06,2018-12-01
CellTree,2016-09-13,2016-09-08
CellTrek,"2022-03-21, NA",2021-11-27
CellTypist,"NA, 2022-05-13",2023-05-28
CellView,NA,2018-04-17
cellxgene,,2019-01-11
cellxgene_VIP,"NA, NA",2020-09-10
cellXY,,2023-02-17
Census,"2023-11-27, NA",2022-10-28
Cepo,"2021-12, NA",2021-01-15
Cerebro,"2019-11-25, NA",2019-11-06
CeSpGRN,NA,2022-03-04
CeTF,2021-08-20,2021-09-03
cFIT,"2021-03-03, NA",2020-09-17
CHETAH,"2019-06-21, NA",2019-03-01
Chloris,NA,2023-11-03
chooseR,2021-02-01,2021-02-12
Chord,"2022-05-30, NA",2021-05-14
CIA,NA,2023-12-08
CIARA,"NA, 2023-06-01",2022-08-19
CIDER,"NA, 2021-12",2021-11-20
CIDR,"NA, 2017-03-28",2016-09-09
CIForm,2023-05-17,2023-06-02
CINEMA-OT,"2023-11, NA",2022-12-02
CIPR,2020-05-15,2020-05-22
Cirrocumulus,,2020-10-05
CiteFuse,"2020-04-30, NA",2019-12-01
CITEseqCount,,2018-08-24
Citrus,"2017-10-19, NA",2016-09-09
CL-Impute,2023-07,2023-07-28
CLEAR,"2022-09, NA",2021-08-01
clonealign,"NA, 2019-03-12",2018-05-01
ClonoCluster,"2023-02, NA",2022-02-18
ClustAssess,NA,2022-02-04
cluster_diffex,"NA, 2018-07-24",2020-04-28
ClusterDE,"NA, NA",2023-08-04
clusterExperiment,"NA, 2018-09-04",2016-09-08
ClusterFoldSimilarity,NA,2022-03-18
Clustergrammer2,,2019-11-06
ClusterMap,"2019-01-14, NA",2018-11-12
ClusterMine,"NA, 2020-07-07",2017-02-05
clustermole,,2020-01-22
clusterpval,NA,2020-12-13
clustifyr,"NA, 2020-04-01, 2020-07-16",2019-12-04
CMFImpute,2020-02-19,2020-03-03
cna,"2021-10-21, NA",2021-04-23
cNMF,"NA, 2019-07-08",2019-07-24
CNNC,"2019-12-10, NA",2018-11-12
COAC,2019-02-19,2019-02-25
Cobolt,"NA, 2021-12",2021-11-12
cocoa,NA,2022-03-25
CoGAPs,2010-09-01,2020-06-16
cola,"2022-03-14, 2020-12-04, NA",2021-09-10
CombiROC,NA,2022-01-22
COMET,"NA, 2019-10-24",2019-05-31
CommPath,2022-10,2022-11-04
Compartmap,NA,2021-05-21
compass,,2020-11-22
CONCLUS,NA,2019-12-10
condiments,NA,2021-03-12
CoNGA,"2021-08-23, NA",2021-09-03
CONGAS,"2022-03-17, NA",2021-02-05
CONGASp,"NA, 2023-11-02",2023-04-06
CONICS,2018-04-20,2018-05-01
Connectome,"2022-03-09, NA",2021-01-22
Conos,"2019-07-15, NA",2018-11-09
constclust,NA,2019-07-24
contrastiveVI,"2023-08-07, NA",2022-01-06
COPILOT,2022-12,2022-10-07
CopulaGCN,"NA, 2022-03-10",2021-11-20
CopyKAT,2021-01-18,2021-10-18
corral,"2023-01-21, NA",2020-08-06
Corvo,NA,2022-12-09
COSG,"2022-01-19, NA",2021-06-18
COSGR,NA,2021-06-18
cosin,NA,2023-06-02
COSLIR,NA,2021-05-21
CoSpar,"2022-02-21, NA",2021-05-14
CosTaL,"2023-05-05, NA",2022-11-11
COT,"2022-01-01, NA",2021-01-15
COTAN,2021-08-11,2023-01-20
countClust,"NA, 2017-03-23",2016-09-12
countland,"2023-11-10, NA",2022-06-03
countsplit,NA,2023-07-28
coupleCoC,"2020-12-07, NA",2020-04-01
coupleCoC_plus,"NA, 2021-06-02",2021-02-19
coupledAE-patchseq,"2021-02-22, NA",2021-08-27
CPA,"NA, 2023-05-08",2021-04-16
CPLVM,NA,2021-02-26
CRMetrics,NA,2023-07-14
CrossTalkeR,"2021-05-14, NA",2021-01-22
CS-CORE,"2023-08-10, NA",2022-12-16
CSHMM,"2019-04-30, NA",2019-05-08
CSHMM-TF,2020-02-18,2020-03-03
CSMF,"2019-06-08, NA",2018-03-08
CSN,2019-03-13,2019-03-25
CSOmap,"2020-06-15, NA",2020-02-21
CStreet,2021-07-01,2021-07-09
ctgGEM,,2020-04-29
CTMM,NA,2023-03-03
CTpathway,2022-10-13,2022-10-28
cTPnet,"2020-01-31, NA",2019-06-20
cvCovEst,NA,2021-08-06
Cyclum,"2020-03-18, NA",2019-05-07
cytocipher,"2023-07-14, NA",2022-10-28
Cytopath,"2022-12, NA",2021-01-08
CytoSPACE,"2023-03-06, NA",2022-05-27
CytoTalk,"NA, 2021-04-14",2020-04-01
D-EE,2020-11-11,2020-11-22
D-SPIN,NA,2023-06-02
D3E,"NA, 2016-02-29",2016-09-09
DALI,NA,2021-12-10
DANCE,NA,2022-10-28
dandelion,"2023-04-13, 2021-04-20, NA, NA",2021-02-05
DAPCA,NA,2022-09-09
DAZZLE,NA,2023-10-27
dbcti,2022-09-16,2022-09-30
DC3,2019-10-10,2019-10-29
DCA,"2019-01-23, NA",2018-04-17
DCA_R,2018-08-06,2018-08-10
DCATS,"NA, 2023-06-26",2021-11-05
DCLEAR,2022-03-24,2022-05-01
DCP,2023-12,2024-01-05
ddqc,"NA, 2022-12-27",2021-10-29
ddSeeker,2018-12-24,2019-01-06
de-goulash,2023-02-20,2023-02-24
DECENT,"2019-06-14, NA",2017-12-20
DECODE,NA,2018-11-12
decontX,"2023-11-17, NA, NA, 2020-03-05",2023-11-03
decoupler,"2022-03-08, NA",2022-04-08
deCS,"2022-04, NA",2021-09-24
DEEF,2020-04-10,2020-04-17
DeepCCI,"2023-09-23, NA",2022-11-25
DeepCycle,"2022-05-23, NA",2021-03-26
DeepDRIM,"2021-08-23, NA",2021-02-05
DeepGAMI,"NA, 2023-10-31",2023-11-10
DeepImpute,"NA, 2019-10-18",2018-11-09
DeepKINET,NA,2023-12-01
DeepRIG,2023-09-13,2023-10-20
DeepSEM,2021-07-22,2021-08-01
DeepSort,NA,2020-05-18
DeepVelo,NA,2022-06-03
DEGAS,"NA, 2022-02-01",2020-06-26
DElegate,NA,2023-03-31
DeLorean,"2016-06-17, NA",2016-09-09
DELVE,NA,2023-05-26
deMULTIplex2,NA,2023-05-05
Demuxafy,NA,2022-03-11
Demuxalot,NA,2021-05-28
demuxlet,"2017-12-11, NA",2017-03-29
demuxmix,"2023-08-01, NA",2022-11-04
DEN,NA,2020-06-26
DENDRO,"NA, 2020-01-14",2018-11-14
DendroSplit,"NA, 2018-03-09",2018-01-19
densityCut,2016-04-23,2018-11-13
DensityPath,"2018-12-07, NA",2018-03-08
densvis,,2020-10-30
densVis,"2021-01-18, NA",2020-05-18
DepecheR,"NA, 2019-03-07",2018-11-14
DESC,"2020-05-11, NA",2019-02-01
DESCEND,"2018-06-26, NA",2017-12-20
DEsingle,"2018-04-24, NA",2018-03-15
destiny,"2015-12-14, NA",2016-09-09
DevKidCC,"NA, 2022-02-22",2021-01-22
DEWAKSS,"NA, 2021-01-07",2020-03-17
Dhaka,"2019-02-15, NA",2018-11-13
DIALOGUE,"2022-05-05, NA",2020-09-08
DICE,2022-12,2022-12-09
Dictys,"2023-08-03, NA",2022-11-04
DIEM,"2020-07-03, NA",2019-10-09
DifferentialRegulation,NA,2023-08-18
DigitalCellSorter,"NA, NA, 2019-07-01, 2021-01-13",2019-02-12
DIISCO,NA,2023-11-17
DIMMSC,"2017-08-02, NA",2018-03-15
dincta,NA,2020-10-15
Dino,"2021-06-19, NA",2020-11-08
DIRECT-NET,2022-06-03,2022-06-10
DISC,2020-07-10,2020-07-17
DIscBIO,,2020-11-22
DISCERN,"NA, 2023-09-20",2022-03-18
DISCO,,2018-03-15
DiSiR,NA,2022-04-01
distinct,"NA, 2023-06-01",2020-04-29
DistMap,"NA, 2017-08-31",2017-09-01
dittoSeq,2020-12-12,2019-03-01
dmatch,"NA, 2021-03-19",2020-01-13
Domino,"2021-08-02, NA",2020-07-31
DoubletCollection,NA,2022-10-14
DoubletDecon,"2019-11, 2020-09, NA, NA",2018-07-28
DoubletDetection,,2018-05-13
DoubletFinder,"2019-04, NA",2018-06-27
Dozer,"NA, 2023-06",2023-05-12
dpi,"2023-01-14, NA",2023-01-20
DPre,2019-10-17,2019-10-24
DPT,"2016-08-29, NA",2016-09-22
DRA,2020-02-21,2020-03-03
dragonsc,2020-01,2020-05-29
DREAM,2023-04-21,2023-05-12
dreamlet,NA,2023-03-24
DREEP,"NA, 2023-12-01",2023-10-27
DrImpute,"NA, 2018-06-08",2017-09-01
DrivAER,"2020-12-10, NA",2019-12-11
dropbead,"NA, 2017-05-19",2017-01-16
dropClust,"2019-11-06, 2018-01-18, NA, NA",2017-08-20
dropEst,"NA, 2018-06-19",2017-08-20
dropkick,"NA, 2021-04-09",2020-10-15
DropLasso,NA,2018-03-08
DropletQC,"NA, 2021-12",2021-08-08
DropletUtils,"2018-07-10, NA, NA, 2019-03-22",2018-01-19
dropSeqPipe,,2017-05-21
dropsim,,2018-01-18
DrSeq2,"NA, 2017-07-03",2017-06-26
DSAVE-M,2020-12-03,2020-12-12
DSAVE-R,2020-12-03,2020-12-12
dsb,"2022-04-19, NA",2021-03-05
dsCellNet,2022,2022-08-19
DSINMF,NA,2022-05-20
DTAE,NA,2021-02-19
DTFLOW,"2021-03, NA",2021-03-12
DTUrtle,,2021-06-18
DTWScore,2017-05-23,2017-05-30
DUBStepR,"2021-10-06, NA",2020-10-15
Dune,NA,2020-03-18
DURIAN,2022-06-22,2022-06-24
DUSC,"NA, 2020-06-12",2018-01-11
Dynamo,"2022-02, NA",2019-07-11
dynDeepDRIM,"2022-09-27, NA",2021-09-03
dyngen,"2021-06-24, NA",2020-02-20
DynGFN,NA,2023-02-17
dynverse,"2019-04-01, NA",2018-03-15
EasyCellType,2023-03-24,2022-11-04
ECLAIR,"2016-05-20, NA",2016-09-08
EDClust,2022-03-22,2022-04-01
EDGE,2020-11-17,2020-11-22
EEISP,"2021-07-22, NA",2021-03-19
elasticC3,NA,2020-04-13
ELeFHAnt,NA,2021-09-10
ELSA,2020-02-27,2020-03-12
ELVAR,"2023-06-05, NA, NA",2022-11-11
embeddr,NA,2016-09-12
EMBEDR,"2022-03, NA",2022-03-18
EMEP,2018-12-28,2019-01-06
EmptyNN,"2021-07, NA",2021-01-22
enclone,NA,2022-08-12
ENCORE,2020-12-10,2021-01-08
ENHANCE,NA,2019-11-08
EnImpute,2019-05-24,2019-05-31
EnsembleKQC,2019-07-24,2019-08-12
EnTSSR,2021,2021-09-17
Eoulsan,NA,2021-10-22
Epi-Impute,2023-03-25,2023-03-31
EPIC,"NA, 2022-06-16",2021-06-25
eQTLsingle,"2022-06, NA",2021-06-11
ESAT,2016-07-28,2016-09-09
escape,,2020-10-30
ESCHR,NA,2024-01-05
ESCO,"2021-02-24, NA",2020-11-08
ESCORT,NA,2024-01-05
eSPRESSO,"NA, 2023-06-15",2021-01-08
eSVD,"2021-03-22, NA",2020-10-05
EVI,"NA, 2022-09-05",2022-03-04
exceiver,NA,2022-11-04
exFINDER,"2023-04-07, NA",2023-03-31
expressyouRcell,"2023-06, NA",2023-05-28
Falco,"2016-12-24, NA, 2019-12-30",2016-09-08
FastCount,,2021-08-11
fasthplus,"2022-09-05, NA",2022-02-11
FastIntegration,NA,2022-06-24
FastProject,2016-08-23,2016-09-09
FastRNA,2022-10,2022-10-14
fastTopics,"NA, 2023-10-19",2023-07-07
FateCompass,"2023-07, NA",2022-04-08
FateID,"2018-04-09, NA",2017-11-21
FAVA,NA,2023-02-10
fba,2021-05-17,2021-05-28
fcoex,NA,2019-11-03
FEAST,2021-02-22,2021-02-26
FEATS,"2020-12-08, NA",2020-07-26
FeatureCorr,2021-11,2021-10-02
FEM,2021-11-30,2021-12-10
FIESTA,NA,2021-05-07
FiRE,2018-11-09,2018-11-13
FIRM,"2022-05-14, NA",2020-06-26
fishpond,"2019-08-02, NA",2019-03-07
FitDevo,2022-07-24,2022-08-19
FLAMES,"NA, 2021-11-11",2020-08-20
Flexiplex,NA,2022-09-16
flotilla,,2016-09-08
FlowGrid,2021-07-20,2021-08-01
FLOWMAPR,2020-01-13,2020-01-22
forest-fire-clustering,2022-06-20,2022-07-15
FORKS,NA,2018-03-22
Fotomics,"2022-12-09, NA",2022-12-16
FRmatch,"2020-11-30, NA",2020-05-07
FSCAM,2022-01-14,2022-01-22
Fugue,"NA, 2022",2021-12-17
FUNKI,NA,2021-09-24
fusca,2022-04-12,2022-05-03
G2S3,"NA, 2021-05-18",2020-04-13
GapClust,2021-07-07,2021-07-16
Garnett,"2019-09-09, NA",2019-02-11
gCAnno,"2020-11-23, NA",2020-07-31
GEARS,"2023-08-17, NA",2022-08-12
GEDI,NA,2023-08-18
geneBasisR,"NA, 2021-12",2021-08-11
GeneClust,2023-02-08,2023-02-17
GeneExt,NA,2023-12-08
GenePattern,2018-08-16,2018-08-24
Genes2Genes,NA,2023-03-17
genesorteR,NA,2017-06-28
GeneSwitches,NA,2019-11-12
GeneVector,"2023-07-20, NA",2022-05-06
GenKI,2023-05-29,2023-07-01
genomicInstability,,2021-11-05
geosketch,"2019-06, NA",2019-02-12
gExcite,"2023-05-01, NA",2022-05-27
gficf,"2023-01-10, NA, 2019-08-09",2019-08-12
GFPA,2023-03,2023-03-10
ggsc,,2023-11-03
GIANT,NA,2023-07-07
GiniClust,2016-07-01,2016-09-09
GiniClust2,"NA, 2018-05-10",2018-01-18
GiniClust3,"NA, 2020-04-25",2019-09-30
GiRAFR,"2023-09-23, NA",2022-10-28
GLM-PCA,"NA, 2019-12-23",2020-01-02
glmGamPoi,"2020-12-09, NA",2020-08-20
GloScope,NA,2023-07-01
GLUE,"2022-05-02, NA",2022-05-20
GLUER,NA,2021-02-26
GMM-Demux,"NA, 2020-07-30",2019-11-08
GNNImpute,2021-12-07,2021-12-17
GPcounts,"2021-07-02, NA",2020-08-06
GPfates,"NA, 2017-03-03",2016-09-19
GPseudoClust,"2019-10-14, NA",2019-03-25
GPseudoRank,"2018-07-25, NA",2018-03-22
Granatum,"NA, 2017-12-05",2017-03-01
GrandPrix,"2018-07-02, NA",2017-12-07
Graph-Dynamo,NA,2023-10-20
graph-sc,2021-11-19,2021-08-27
GraphCS,"2022-01-09, NA",2021-07-02
GraphEmbed,2018-09-11,2018-10-02
GraphSCC,"NA, 2020-12-16",2020-09-17
GraphSCI,"2021-05, NA",2020-02-17
GrID-Net,NA,2023-03-10
GRISLI,"2020-06-17, NA",2018-12-01
GRM,2015-02-24,2016-09-09
GRN-VAE,NA,2023-02-03
GRNUlar,"2022-01-01, NA",2020-04-28
GRNVBEM,2017-09-25,2017-10-02
GRouNdGAN,NA,2023-08-04
GRUFFI,2022-08-02,2022-08-19
gsdensity,"2023-12-18, NA",2023-07-14
GSEApy,2022-11-25,2022-12-02
GSFA,"2023-09-28, NA",2022-02-18
gssnng,"2023-01-01, NA",2022-12-09
h-tSNE,"NA, 2022-07-21",2020-10-15
hadge,NA,2023-08-04
Haisu,NA,2021-01-22
HAL,"NA, 2022-10-03",2022-10-07
HARISSA,NA,2022-06-24
Harmony,"2019-11-18, NA",2018-11-09
hbfm,2020-08-18,2020-11-15
HD-AE,NA,2021-04-16
HDMC,2021-12-04,2021-12-10
HGC,"2021-06-07, NA",2021-02-12
HiDeF,"NA, 2021-01-07",2021-01-15
hierarchicell,2021-05-01,2021-05-07
HieRFIT,"2021-07-13, NA",2020-05-14
HIPPO,NA,2020-04-13
HocusPocus,,2016-09-08
HoneyBADGER,2018-06-13,2018-04-17
HopLand,2017-07-12,2017-07-24
Hopper,,2019-11-12
Hotspot,"2021-05, NA",2020-02-20
HPL,"2021-05-14, NA",2020-04-01
hscScore,2019-10,2019-09-17
hsslda,"2022-06, NA",2022-01-14
HTOreader,NA,2023-04-06
HurdleNormal,"2019-06-01, NA",2018-05-18
hypercluster,"NA, 2020-09-29",2020-02-20
I-Impute,"NA, 2020-11-18",2019-09-23
i2dash,"2021-07, NA",2020-07-10
iasva,"2018-11-19, NA",2018-03-15
Ibex,NA,2022-11-11
IBMR,NA,2021-12-03
IBRAP,"2023-02-27, NA",2023-05-05
iBRIDGE,2023-04-06,2023-05-05
ICAnet,2021-02-22,2021-03-05
ICARUS,"2022-05-10, 2022-06-01, NA",2023-01-27
ICAT,"2023-04-22, NA",2022-06-03
ICELLNET,"2021-02-17, NA",2021-02-26
iCellR,"NA, NA",2020-04-13
iDEA,2020-03-27,2020-04-01
IDEAS,"NA, 2022-01-24",2021-05-14
IEntropy,2022-01-31,2022-02-11
IKAP,"2019-10-01, NA",2019-10-09
ikarus,"NA, 2022-05-30",2021-10-22
Ikura,2019-08-20,2022-03-18
ILoReg,"2020-12-13, NA",2020-02-01
iMAP,2021-02-18,2021-02-26
ImmClassifier,"2021-03-03, NA",2020-04-01
immunarch,,2020-06-26
ImSpectR,,2019-11-08
IndepthPathway,"2023-05-27, NA",2023-07-01
indeXplorer,2017-03-31,2018-02-16
inferCNV,2014-06-12,2018-02-22
inferCNVpy,,2021-02-12
inferCSN,,2023-10-20
Inferelator,"2022-02-21, NA",2021-05-07
infohet,"NA, 2023-08-12",2020-10-15
InGene,NA,2023-07-07
INSCT,"2021-06-21, NA",2020-05-22
INSISTC,"2022-09, NA",2022-05-20
IntegratedLearner,"2023-12-26, NA",2023-08-24
InterCellar,"2022-01-11, NA",2021-05-21
InterCellDB,2022-06-02,2022-06-10
iQcell,"NA, 2022-02-25",2021-04-05
IReNA,"NA, 2022",2021-11-27
IRIS-FGM,"2021-02-17, NA",2021-02-19
IronThrone-GoT,"2019-07-03, NA",2019-07-04
iS-CellR,2018-07-04,2018-11-09
iscandar,,2017-11-20
iSEE,2018-06-14,2018-01-19
iSMNN,"2021-04-12, NA",2020-11-15
ISnorm,"2020-08-18, NA",2020-07-17
IsoCell,2022,2022-02-11
ISOP,"2018-02-27, NA",2016-09-09
iTALK,NA,2019-01-11
ItClust,"2020-10-05, NA",2020-02-13
iterClust,2018-03-22,2018-11-13
ivis,2019-06-20,2019-07-04
jackstraw,"2020-03-06, 2014-10-21, NA",2018-06-27
JAMIE,"2023-05-29, NA",2023-07-01
JGNsc,"NA, 2022-02-19",2021-07-16
JIND,"2022-03-07, NA",2020-10-15
JOINT,2021-01-11,2021-01-22
JOINTLY,"2023-12-20, NA",2024-01-05
JSNMF_py,2022-04-04,2022-04-08
JSOM,2021-03-16,2021-03-26
jSRC,2021-02-03,2021-02-12
Jvis,"NA, 2021-05-03",2021-01-15
k-branches,"2017-06-05, NA",2016-12-22
K2Taxonomer,"2021-07-06, NA",2020-11-08
kallisto,"2016-04-04, 2021-04-01, 2019-01-21, NA, NA, NA, NA, NA",2018-06-08
kana,"NA, 2023-09-05",2022-03-11
kBET,"2018-12-20, NA",2017-10-10
KMD,"2023-11-02, NA",2020-10-15
kmermaid,NA,2021-07-16
knn_smooth,NA,2018-02-02
KPNN,"NA, 2020-08-03",2019-10-09
ktest,NA,2023-07-21
LAK,2020,2020-07-31
LAmbDA,"2019-04-30, NA",2019-02-01
Lamian,"2023-11-10, NA",2021-07-16
LandSCENT,,2019-05-31
langevitour,"NA, 2023-11-01",2023-11-17
LANTSA,NA,2022-03-18
LATE,"2020-01-22, NA",2020-01-02
LatentVelo,"2023-09, NA",2022-12-02
LDA_scRNAseq,2023-05-23,2023-06-02
leader,NA,2023-07-07
LEAP,2016-12-19,2016-09-12
learn2count,NA,2020-11-29
lemur,NA,2023-03-10
LIANA,"2022-06-09, NA",2021-07-09
Libra,"2021-09-28, NA",2021-10-08
LIGER,"2019-06, 2022-02-09, 2020-10-12, NA, NA, NA",2018-11-09
LINEAGE,2022-01-27,2022-02-04
LineagePulse,,2018-05-13
Linnorm,,2017-02-01
LinQView,2021-07,2021-08-01
LinRace,"2023-12-16, NA",2023-05-05
locaTE,NA,2023-01-13
locCSN,"2021-12-13, NA",2021-06-25
Longcell,NA,2023-03-31
LRLoop,"2022-07-05, NA",2022-02-18
LRT,"NA, 2023-07-10",2022-05-01
LTMGSCA,"2019-08-02, NA",2019-08-12
M3Drop,"2018-12-24, NA",2016-10-10
M3S,2019-12-20,2020-01-02
MAAPER,"NA, 2021-08-10",2021-03-26
MACA,"2021-12-27, NA",2021-10-29
MaCroDNA,"2023-12-13, NA",2023-02-17
MacroPolo,"2022-04-14, NA",2020-11-29
MAESTRO,2020-08-07,2020-08-14
MAGAN,NA,2020-09-10
MAGIC,"2018-07, NA",2017-02-27
MAPiT,"2020-02-27, NA",2020-03-12
MARGARET,"2022-05-25, NA",2021-10-29
MarkerCount,"2022-06, NA",2021-04-30
MarkerMap,NA,2022-08-19
MarkovHC,"2021-12-01, NA",2021-12-10
MARS,"2020-10-19, NA",2020-03-12
MASI,"2023-04-28, NA",2023-05-12
MAST,"NA, 2015-12-10",2016-09-08
MAT2,2021-05-10,2021-05-21
MatchCLOT,"2023-04-29, NA",2023-05-28
MATCHER,"NA, 2017-07-24",2017-08-25
matchSCore,NA,2018-05-11
matchSCore2,"2020-04-06, NA",2019-05-17
MATES,NA,2024-01-12
Matilda,"2023-03-13, NA",2022-06-10
MATTE,"2023-06-03, NA",2022-06-03
MaxFuse,"2023-09-07, NA",2023-09-15
mbkmeans,"NA, 2021-01-26",2019-06-28
mcap,NA,2019-03-01
McImpute,"NA, 2019-01-29",2018-11-16
MCXpress,,2018-03-15
MDIC3,2024-01,2024-01-19
MEBOCOST,"NA, NA",2022-06-24
MEDALT,"NA, 2021-02-23",2020-04-14
MELD,"2021-02-08, NA",2019-02-01
MELT,2022-09-01,2022-09-09
memento,NA,2022-11-11
MERLoT,"2019-08-20, NA",2018-02-16
MetaCell,"NA, 2019-10-11",2018-11-13
metacells,"NA, NA, NA, 2019-10-11, 2022-04-19, 2023-10-05",2020-12-13
METAFlux,"2023-08-12, NA",2023-08-18
MetaNeighbor,"2018-02-28, 2021-07-07, NA",2017-09-09
MetaTiME,"2023-05-06, NA",2023-05-26
MFA,2017-03-15,2017-03-20
MGFR,2019-05-27,2019-06-06
MicroCellClust,2021-04-08,2021-04-16
MICTI,NA,2019-07-04
Millefy,"NA, 2020-03-03",2019-02-12
miloR,"2021-09-30, NA, NA",2020-11-29
MIMOSCA,2016-12,2018-11-15
MIND,"NA, 2021-04-09",2020-08-14
MINI-EX,"2022-11, NA, NA",2024-01-05
minicore,NA,2021-04-12
minnow,2019-07-05,2019-07-15
miQC,"NA, 2021-08-24",2021-03-05
MIRA,"2023-07-12, 2022-09-06, NA",2021-12-10
miRSCAPE,"2022-08, NA",2021-07-31
Miscell,2021-10,2021-10-08
mitch,2020-06-29,2020-04-29
MitoHEAR,2022-06-01,2022-06-10
mitoSplitter,"2023-09-19, NA",2023-05-12
MitoTrace,2023-06-04,2023-06-30
MiXCR,"2017-10-11, 2015-04-29",2022-12-25
MLG,"2021-09-28, NA",2021-04-05
mmutil,"NA, 2021-08-17",2021-09-03
mnnpy,,2020-03-03
Moana,NA,2018-11-13
MOFA,"NA, NA, 2020-05-11, 2018-06-20",2018-06-27
MOFA2,"NA, 2020-05-11",2019-12-20
Monet,NA,2020-06-16
Monocle,"2014-03-23, 2017-01-23, 2017-08-21, NA",2016-09-08
Monod,"NA, NA",2022-06-17
Monopogen,"2023-08-17, NA",2022-12-09
mosaicMPI,NA,2023-08-24
MOSCATO,"NA, 2022-08-04",2021-09-10
moscot,NA,2023-05-26
Mowgli,"2023-11-24, NA",2023-02-10
Mpath,2016-06-30,2016-09-09
mpCMF,NA,2018-12-20
MPSSC,2018-02-08,2018-02-17
MQuad,"2022-03-08, NA",2021-04-05
MRFscRNAseq,"NA, 2021-10-26",2021-07-02
mrtree,"2021-06-14, NA",2021-02-12
MSIsensor-RNA,NA,2023-10-27
mtANN,"NA, 2023-06-28",2022-11-25
MTD,"2022-04-04, NA",2021-11-20
MTGO-SC,2019-10-09,2019-09-17
mtSC,2021-05-25,2021-06-04
MUDAN,,2018-02-13
MuDCoD,"2023-09-23, NA",2021-12-03
MUFFIN,NA,2024-01-05
multiGroupVI,NA,2022-12-16
MultiK,2021-08-19,2021-09-03
MultiMAP,"NA, 2021-12",2021-04-05
multinichenetr,NA,2023-07-07
Multiscale_PHATE,"2022-02-28, NA",2022-03-04
MultiVelo,"2022-04-29, 2022-10-13, NA",2021-12-17
MUREN,2021-07-28,2021-08-08
MURP,2022-06,2022-05-20
muscat,"2020-11-30, NA",2019-08-05
MuSiC,"2019-01-22, NA",2018-06-27
MUSIC,2019-05-20,2019-05-31
MuTrans,"2021-09-23, NA",2021-03-12
mvTCR,NA,2022-10-28
N-ACT,NA,2022-05-20
NaiveDE,,2020-05-29
NanoPARE,2018-10-24,2018-11-09
NATMI,2020-10-06,2020-10-15
NBID,2018-05-31,2018-06-08
NEBULA,"2021-05-26, NA",2020-10-05
Nebulosa,"2021-01-18, NA",2020-10-15
Neighbor-seq,"2022-05-10, NA",2022-05-03
NetImpute,2020-06-11,2020-06-18
netNMF-sc,"NA, 2020-01-28",2019-02-11
netSmooth,"NA, 2018-01-24",2017-12-20
netsne,"2018-08, NA",2018-06-27
NetworkInference,"2017-09, NA",2017-10-17
NeuCA,"2022-01-18, NA",2021-10-02
NEUROeSTIMator,NA,2022-05-06
NeuronChat,"2023-02-28, NA",2023-01-20
NewWave,"2022-03-10, NA",2020-10-30
nichenetr,2019-12-09,2019-12-16
NICHES,"2022-12-02, NA",2022-02-04
NIFA,"2022-03-18, NA",2020-02-13
nimfa,2016-09-23,2018-11-13
NLBayes,"2023-10-11, NA",2023-05-28
NOMAD,NA,2022-12-09
NOMAD2,NA,2023-03-24
Normalisr,"2021-11-04, NA",2021-11-05
northstar,"2020-09-17, NA",2019-11-03
novoSpaRc,"2019-11-20, 2021-08-04",2021-08-11
NSForest,"NA, 2021-06-04",2021-11-27
OCAT,"NA, 2022-04-20",2021-08-06
Ocelli,NA,2023-10-27
ODEGRfinder,"2019-12-16, NA",2019-02-25
OEFinder,"2016-01-06, NA",2016-09-08
OGFSC,2018-12-10,2018-12-13
OmicInt,2021-12,2021-12-17
OmicVerse,NA,2023-12-01
OnClass,"2021-09-21, NA",2019-10-24
OnlinePCA,,2019-05-31
OpenBioMed,NA,2023-06-30
OpenVisuMap,,2020-08-20
ORIGINS,"2022, NA",2022-06-24
ORIGINS2,2023,2023-05-05
orthomap,2023-11-11,2023-11-17
OscoNet,"NA, 2020-08-25",2020-09-10
Oscope,2015-08-24,2016-09-09
Ouija,"2018-06-23, NA",2016-09-08
ouijaflow,"2018-06-23, NA",2018-03-15
Outrigger,2017-07,2016-09-08
PACSI,2023-07-19,2023-07-28
pagoda2,,2018-11-09
Palantir,"2019-03-21, NA",2019-04-05
PALMO,"2023-03-27, NA",2022-05-20
Palo,"2022-06-01, NA",2022-03-18
Pamona,"2021-08-16, NA",2020-11-08
Pando,NA,2021-09-03
Panpipes,NA,2023-03-17
ParaDPMM,"2018-08-28, NA",2018-03-08
PARC,"2020-01-23, NA",2019-09-17
PAUSE,"NA, 2023-04-19",2023-05-05
PBA,"2018-02-20, NA",2017-08-07
PBLR,"2020-10-01, NA",2018-11-13
PCAone,"NA, 2023-08-24",2022-06-03
pcaReduce,"NA, 2016-03-22",2016-09-09
pCMF,"2019-03-13, NA",2017-11-08
pcqc,NA,2020-11-22
pCreode,2018-01,2017-12-07
peco,"NA, 2020-04-20",2019-02-11
Pegasus,"2020-07-27, NA",2020-08-06
PENCIL,"2023-05-08, NA",2023-03-31
PercentMaxDiff,NA,2021-11-27
PHATE,"2019-12-03, NA",2017-11-20
PhEMD,"2020-01-13, NA",2021-01-25
PhenoPath,"2018-06-22, NA",2017-07-16
phenotype-cover,2022-11,2022-11-25
phiclust,"NA, 2022-01-10",2022-01-22
PhitestR,2022-03-03,2022-03-11
PhylEx,NA,2021-02-19
phyloRNA,"2022-12-06, NA",2021-01-15
PhyloVelo,2023-07-31,2023-08-04
Piccolo,NA,2023-03-10
PieParty,"NA, 2021-03-05",2020-09-10
PILOT,"2023-12-19, NA",2023-07-01
PIMseq,NA,2020-02-21
pipeComp,"NA, 2020-09-01",2020-02-13
PISCES,NA,2021-05-28
PIVOT,"NA, 2018-01-05",2017-07-16
pLDA,2021-03-25,2021-04-05
pmVAE,NA,2021-02-05
PoissonUMIs,,2016-10-10
Polaratio,NA,2021-02-05
Pollock,2022-05-13,2022-05-20
polyApipe,,2019-07-24
PopAlign,"2020-10-30, NA",2021-01-25
popsicleR,2022-03,2022-04-01
PopV,NA,2023-08-24
Portal,"2022-05-30, NA",2021-11-20
powerEQTL,"2021-05-19, NA",2021-01-08
POWSC,2020-07-02,2020-07-10
powsimR,"2017-07-11, NA",2017-03-20
PPMS,2022-10-08,2022-10-14
Pre-Phaser,2019-09-04,2019-09-17
PreCanCell,2023-07,2023-07-14
PRESCIENT,"2021-05-28, NA",2020-09-10
ProjecTILs,"2021-05-20, NA",2020-07-03
ProjectSVR,NA,2023-08-11
PROSSTT,"2019-02-01, NA",2018-02-07
protaccel,"NA, 2020-02-18",2020-03-03
Pseudocell_Tracer,"NA, 2021-05-03",2020-07-03
pseudodynamics,"2019-04-01, NA",2017-11-21
pseudoga,2021-07-09,2021-07-16
pseudogp,"NA, 2016-11-21",2016-09-09
PseudotimeDE,"NA, 2021-04-29",2020-11-22
PsiNorm,"2021-09-09, NA",2021-04-12
Psix,"NA, 2022-07",2021-08-01
psupertime,"2022-06-24, NA",2022-04-01
pyHSICLasso,"2019-07-05, NA",2019-02-01
PyMINEr,2019-02,2019-02-25
pyNVR,2018-11-16,2018-12-01
Pyro-Velocity,NA,2022-10-28
PySCUBA,2014-12-15,2021-08-11
qSNE,,2020-08-06
quasildr,"2021-11, NA",2020-04-14
QUBIC2,"2019-09-10, NA",2019-09-17
RaceID,"2016-08, 2015-08-19, 2019-11-18, NA, 2023-06-23",2016-09-09
RADO,NA,2023-11-10
RAFSIL,"2018-06-27, NA",2018-02-07
RainDrop,2020-07-01,2020-07-10
Randomly,"2020-06, NA, NA",2020-05-14
RankCompV3,NA,2023-12-01
RankCorr,2020-10-23,2020-11-08
RayleighSelection,NA,2018-11-19
RCA,2017-03-20,2017-03-27
rCASC,"2021-01-05, 2019-09-08, NA, NA",2018-11-14
RCAv2,"2021-07-28, NA",2021-02-26
RCI-NB,NA,2023-07-21
RcppML,NA,2021-09-03
RCSL,"2021-05-07, NA",2021-04-16
ReadZS,"NA, 2022-10-25",2021-10-08
REBET,2021-06-15,2021-06-25
reCAT,2017-06-19,2017-07-16
RECODE,"NA, 2022-08-09",2022-05-06
RECOMBINE,NA,2023-07-21
RecursiveConsensusClustering,2020-07-03,2020-07-27
Red_Panda,"NA, 2020-12-29",2020-01-18
redPATH,"2021-02, NA",2020-03-18
RegDiffusion,NA,2023-11-10
Regionvelocity,"2023-11-06, NA",2022-05-06
RESA,"NA, 2023-12-18",2024-01-05
RESCUE,2019-07-12,2019-07-24
ResPAN,NA,2022-05-27
Revelio,2020-11,2021-06-25
RgCop,"NA, 2021-10-19",2021-11-29
RGGC,2021-02-22,2021-03-05
RISC,"2021-03-25, NA",2022-05-27
RNA-Bloom,"NA, 2020-08-17",2020-11-15
RNA-combine,2022-01-06,2022-01-14
RNA-Sieve,"NA, 2021-07-22",2020-10-15
RNA-strain-match,NA,2023-07-21
RNAForecaster,"2023-08, NA",2023-02-24
RobustCCC,2023-07-21,2023-07-28
robustSingleCell,"2019-12, NA",2019-03-15
ROGUE,"2020-06-22, NA",2019-11-03
ROSeq,"NA, 2021-03-05",2018-07-27
ROSeq-R,"NA, 2021-03-05",2021-03-12
rpca,2019-08,2019-05-08
rROMA,NA,2024-01-05
RSCORE,"2021-09-21, NA",2019-08-12
Rsubread,"2019-02-20, NA",2020-04-29
rSuperCT,"2019-02-25, NA",2020-09-24
rusty_axe,NA,2021-09-17
ruvIIInb,"2022-06-27, NA",2021-11-12
RVAgene,"2021-05-11, NA",2020-11-15
RZiMM,NA,2021-10-29
SAFE,"2018-09-08, NA",2017-11-21
SageNet,NA,2022-05-03
SAIC,2017-10-03,2017-10-10
sake,,2016-10-10
salmon,"2017-03-06, 2020-07-13, NA, NA, NA, 2019-03-27",2018-06-08
SAM,"NA, 2019-09-16",2019-11-03
SAMap,"NA, 2021-05-04",2023-02-10
SampleQC,"NA, 2023-02-10",2020-11-15
SAMstrt,2013-08-31,2016-09-09
Sanity,"2021-04-29, NA",2020-01-02
Sargent,"2023, 2023",2023-05-12
SASCRiP,2022-02-15,2022-03-04
satuRn,"NA, 2021-05-11",2021-01-22
SATURN,NA,2023-02-10
SAUCIE,"2019-10-07, NA",2018-02-22
saVAE,NA,2023-04-06
SAVER,"2018-06-25, NA",2017-06-23
SAVER-X,"2019-08-30, NA, 2020-07-21",2019-11-03
SBDN,NA,2018-03-01
sc-compReg,2021-08-06,2021-08-11
sc-jnmf,"NA, 2021-08-27",2020-10-15
sc-Libra,"NA, 2023-09",2022-06-24
sc-REnF,"2022-01-17, NA, NA",2020-10-15
sc2marker,2022-07-12,2022-08-12
sc2MeNetDrug,NA,2023-10-27
SC2P,2018-04-24,2018-05-01
SC2Spa,,2022-11-25
SC3,"2017-03-27, NA",2016-09-08
SC3s,"NA, 2022-12-12",2021-05-28
SCA,NA,2021-01-22
scAAnet,"NA, 2022-04-01",2021-09-24
scAce,2023-09-06,2023-02-24
scACE,2020-02-01,2020-03-17
scAdapt,"2021-07-23, NA",2021-01-22
scAEGAN,"NA, 2023-02-03",2022-05-03
scAEspy,"NA, 2021-06-08",2019-08-12
SCAFE,"2022-09-29, NA",2021-04-05
scaffold,"2021-11-24, NA",2023-08-04
scAI,2020-02-03,2020-02-20
scAIDE,2020-10-09,2020-10-27
scAL,2021-07-09,2021-07-16
SCALA,"2023, NA",2023-11-17
SCALE,"NA, 2017-04-26",2017-02-23
SCALEX,"2022-10-17, NA",2021-04-16
scAlign,"NA, 2019-08-14",2019-01-25
scAllele,"NA, 2022-09-02",2022-04-08
scAlleleCount,,2019-02-01
Scallop2,"2022-03-28, NA",2022-04-01
scAMACE,"2021-06-04, NA",2021-04-05
scAMACE_py,"2021-06-04, NA",2021-04-05
scAmpi,"NA, 2022-06-03",2021-04-05
scAN10,"NA, 2023-11-17",2022-11-11
scanalysis,,2022-04-08
scAnCluster,2020-07-14,2020-08-06
SCANet,2023-10-20,2023-11-03
scANNA,NA,2023-07-01
scAnno,2023-05-14,2023-06-02
scAnnotatR,"NA, 2022-01-17",2021-11-05
scanorama,"2019-05-06, NA",2018-07-21
Scanpro,"NA, NA",2023-08-18
Scanpy,"NA, NA, 2018-02-06, 2019-03-19",2017-05-21
scAPA,2019-09-10,2019-09-17
scAPAtrap,2020-11-03,2020-11-08
SCAPE,2022-03-14,2022-03-25
scapGNN,2023-11-13,2023-11-17
SCAPTURE,"NA, 2021-08-10",2021-03-26
scAR,NA,2022-02-18
scArches,"2023-02-02, 2021-08-30, 2023-10-09, NA, NA, NA",2021-09-03
scarf,"2022-08-08, NA",2021-05-07
scasa,2021-12-02,2021-12-10
scASfind,NA,2023-08-24
scASK,"NA, 2021, 2021",2020-06-16
Scater,"2017-01-14, NA",2016-09-08
scATOMIC,"2023-03-23, NA",2022-06-24
SCATrEx,"2022, NA",2021-11-05
SCATS,"NA, 2020-06-05",2019-08-26
scatterHatch,"NA, 2022-12-16",2021-10-08
SCATTome,2015-12-29,2021-01-25
scBASE,"2019-11-15, NA",2018-08-10
scBatch,"2020-02-13, NA",2019-06-20
scBayes,2024-01-09,2024-01-19
scbean,"2021-09-28, 2023-01-09, NA",2021-04-12
scBERT,"2022-09-26, NA",2022-06-10
scBGEDA,2023-02-03,2023-02-10
scBio,2019-03-18,2019-03-25
scBonita,"2022-09-21, NA",2022-03-18
scBoolSeq,NA,2023-11-03
scBridge,2023-09-28,2023-10-27
scBT,"2022-01-21, NA",2021-09-17
scBTF,NA,2023-08-24
scBubbletree,NA,2022-11-04
SCC,"2021-01-06, NA",2020-02-21
scCAEs,2021-09-02,2021-09-10
SCCAF,"2020-05-18, NA",2020-04-28
scCAN,2022-06-17,2021-07-16
scCancer,"2020-07-06, NA",2019-10-30
scCancer2,NA,2023-08-24
scCaps,"2020-11-02, NA",2020-11-08
scCapsNet-mask,"2022-12-12, NA",2022-09-02
scCATCH,2020-03,2020-04-29
scCB2,"NA, 2020-06-08",2019-11-12
scCCESS,"NA, 2019-12-24",2020-04-29
scClassifR,NA,2021-01-08
scClassify,"NA, 2020-06-22",2019-09-30
scCLUE,2020-08,2020-05-22
scClustBench,2018-08-22,2018-08-31
scclusteval,"2020-11-09, NA",2019-02-11
scClustViz,2018-09-21,2018-07-27
scCobra,NA,2022-10-28
scCODA,"2021-11-25, NA",2021-01-08
scCODE,"2022-05-23, NA",2021-11-27
sccomp,"2023-08-07, NA",2022-03-11
scConnect,2021-05-11,2021-05-21
scConsensus,"NA, 2021-04-12",2020-04-28
scCorr,"NA, 2022-01-07",2021-03-12
scCross,NA,2023-12-01
scCustomize,,2021-11-20
scDA,2021,2021-06-04
scDALI,"NA, 2022-01-06",2022-01-14
scDAPA,2019-09-06,2019-09-17
scDaPars,"NA, 2021-05-25",2021-06-04
scDART,"NA, 2022-06-27",2021-04-23
scDataviz,,2020-02-21
scDblFinder,2021-09-28,2020-09-10
scDBM,"2021-04-30, NA",2021-05-07
scDC,,2022-12-02
scDCC,2021-03-25,2021-04-05
scDD,"NA, 2016-10-25",2016-09-08
scDDboost,"NA, 2021-06-01",2019-06-06
SCDE,"2014-05-18, 2016-01-18, NA",2016-09-08
scDEA,2021-09-25,2021-10-02
scDEAL,"2022-10-30, NA",2021-08-08
scDECAF,,2021-06-04
scDecouple,NA,2023-09-08
scDEED,NA,2023-05-12
scDeepCluster,2019-04-09,2019-04-16
scDeepHash,NA,2021-11-20
scDeepInsight,"2023-07-31, NA",2023-07-07
scDeepSort,"2021-09-09, NA",2021-09-17
scDEF,NA,2024-01-05
scDesign,"2019-07-05, NA",2019-04-05
scDesign2,"2022-01-01, NA, 2021-05-25",2020-11-22
scDesign3,"2023-05-11, NA",2022-12-16
scDetect,2021-05-28,2021-06-04
scDGN,"2021-05-01, NA",2020-01-14
scDHA,"2021-02-15, NA",2021-07-16
scDHMap,2023-02-27,2023-05-05
scdiff,2018-01-09,2018-01-18
scDiffCom,"2023-11-02, NA",2021-08-27
scDisInFact,NA,2023-05-28
scDist,NA,2023-05-26
scdNet,2018-12-21,2019-01-06
scdney,"2018-08-22, 2019-12-24",2019-07-24
scDoc,"2020-05-04, NA",2020-02-20
scdrake,2023-07-06,2023-07-14
scDREAMER,"2023-11-27, NA",2022-08-12
scDRS,"2022-09-01, NA",2022-03-11
scDrug,2023,2022-12-09
scDrugPrio,NA,2023-11-17
scds,"2019-09-10, NA",2019-03-15
sceb,NA,2018-08-24
scEC,NA,2022-03-11
Scedar,"NA, 2020-04-27",2018-11-13
scEFSC,2022-04,2022-05-06
SCell,2016-04-19,2016-09-08
SCellBOW,NA,2023-01-13
scellpam,2023-09-14,2023-10-20
SCelVis,"NA, 2020-02-19",2019-08-05
scEMAIL,2023-01,2023-01-13
SCENA,2021-06-23,2021-07-02
SCENIC,"2017-10-09, 2020-06-19, NA",2017-06-26
scenicplus,"2023-07-13, NA",2022-08-26
SCEnt,,2021-10-02
SCENT,"2017-06-01, 2020-11-27, NA",2016-11-09
scEpath,2018-02-05,2018-02-13
Sceptic,NA,2023-11-10
scETM,"2021-09-06, NA",2021-06-11
SCEVAN,"2023-02-25, NA",2021-12-10
scEvoNet,"NA, 2023-03-06",2022-12-16
scFates,"2022-11-17, NA",2021-03-05
scFBA,"NA, 2019-02-28",2018-02-05
scFEA,"2023-05-22, NA, NA, 2021-07-22",2020-10-05
scFeatureFilter,2018-03-28,2018-05-01
scFeatures,"2022-08-30, NA",2022-02-04
scfind,"2021-03-01, NA",2019-10-09
scFlow,NA,2021-09-03
scFormer,NA,2022-12-02
scFseCluster,2023-10-03,2023-10-27
scFusion,"2022-02-28, NA",2021-01-08
scGAE,"2021-10-08, NA",2021-02-19
scGAN,"2020-01-09, NA",2019-05-17
scGate,"2022-03-08, NA",2021-11-12
scGBM,NA,2023-05-12
scGCL,2023-02-24,2023-03-03
scGEAToolbox,"2019-11-07, NA",2019-02-25
scGen,"2019-07-29, NA",2019-08-05
scGeneFit,"2021-02-19, NA",2019-04-05
scGeom,NA,2023-10-20
scGESTALT,"2018-10-23, NA",2018-10-29
scGNN,"2021-03-25, NA",2020-08-14
scGNN2,2022-10-17,2022-10-28
scGOclust,NA,2024-01-19
scGPS,,2018-07-18
scGPT,NA,2023-05-28
scGraph,2022-04-08,2022-05-01
scGraphNE,,2023-07-28
scGREAT,NA,2023-02-03
scGTM,"2022-06-27, NA",2021-12-03
scGWAS,2022-10-17,2022-10-28
schema,"NA, 2021-05-03",2020-12-13
schex,2019-12-03,2019-07-24
scHinter,2019-08-08,2019-08-19
SCHiRM,NA,2018-06-19
schist,"NA, 2021-11-30",2020-07-10
scHLAcount,"2020-04-24, NA",2019-09-02
SCHNAPPs,"2021-12, NA",2019-05-17
SCHNEL,"2020-12-29, NA",2020-04-01
scHOT,,2020-04-29
scHPF,"NA, NA, 2019-02-22",2018-11-13
scHPL,2021-05-14,2021-08-27
scHumanNet,"2022-11-09, NA",2022-06-24
scIAE,2021-12-16,2022-01-06
scIB,"2021-12-23, NA",2020-05-29
SCIBER,2022-12-22,2022-05-01
SciBet,"2020-04-14, NA",2021-05-21
sciCAN,"2022-09-12, NA",2021-12-03
scicast,,2018-11-13
sciCSR,"2023-11-06, NA",2023-02-10
scID,"2020-03, NA",2018-11-16
scIGANs,"2020-06-26, NA",2020-01-30
scIHPF,NA,2021-07-16
SCILEN,2021-10-22,2021-10-29
Scillus,,2020-07-10
SCIM,"2020-12-29, NA",2020-06-16
SCIMITAR,"NA, 2016-11-22",2016-09-12
scImpute,"2018-03-08, NA",2017-05-30
SCINA,"NA, 2019-07-12",2019-03-07
SCINET,"2019-12, NA",2019-12-10
SCING,"2023-07, NA",2023-07-07
SCING-pipeline,,2023-07-07
scINSIGHT,"NA, 2022-03-21",2021-10-18
scIntegral,NA,2020-10-05
sciPENN,"2022-10-27, NA",2022-11-04
scipr,"NA, 2020-10-27",2020-05-18
scirpy,"2020-07-02, NA",2020-04-14
scisorseqr,"2021-01-19, NA",2021-02-05
ScisorWiz,"2022-05-23, NA",2022-05-03
scISR,2022-02-17,2021-07-16
SCISSORS,"2023-07-27, NA",2021-11-05
scITD,NA,2021-11-05
scIVA,,2018-12-13
Sciviewer,"2021-10-02, NA",2021-08-27
scJIVE,NA,2023-11-10
scJoint,"2022-01-20, NA",2022-02-04
scKB,2022-12,2022-10-07
scKINETICS,2023-06-30,2023-07-14
scLANE,NA,2024-01-05
scLAPA,NA,2021-01-08
scLCA,"2019-09-30, NA",2019-10-09
scLINE,2021-09,2021-09-10
SClineager,"2021-01, NA",2020-01-08
scLink,"2021-07, NA",2020-10-05
scLKME,NA,2023-11-17
scLRTC,"2021-11-29, NA",2021-12-10
scLVM,2015-01-19,2016-09-08
scMAGeCK,"NA, NA, 2020-01-24",2020-02-05
scMAGIC,2022-01-05,2022-01-14
scMAGS,"2023-03, NA",2022-03-25
scmap,"2018-04-02, NA",2017-06-23
scMAPA,"2022-04-30, NA",2022-05-06
scMappR,"2021-02-23, NA",2020-03-12
SCMAPpy,,2022-06-10
SCMarker,"NA, 2019-10-28",2018-07-18
scMatch,2019-04-26,2019-05-07
scMayoMap,"NA, 2023-10-20",2023-05-26
scMC,2021-01-04,2021-01-15
scMCA,2018-02,2018-02-23
scMDC,2022-12-13,2023-01-04
scMEGA,"2023-01-01, NA",2022-08-26
SCMER,"2021-05-20, NA",2020-12-13
scMerge,"2023-07-17, 2019-04-26, 2019-09-16, NA, NA, NA",2018-08-17
scMetric,NA,2018-11-13
scMGCA,2023-01-25,2023-02-03
scMiko,"2022-10-28, NA, NA",2022-03-18
scMINER,NA,2023-02-03
scmixture,"2023-10-01, NA",2021-07-31
scMLnet,2020-12-21,2021-01-08
scMM,"2021-09, NA, 2021",2021-02-26
scModels,NA,2019-06-06
scMOG,2023-04-28,2023-05-28
scMoMaT,"2023-01-24, NA",2023-02-03
scMomentum,NA,2021-01-08
scMOO,2022-04-29,2022-05-06
scMRA,2021-10-08,2021-10-18
scMRMA,2021-10-14,2021-10-22
scMTD,2022-09-02,2022-09-09
scMuffin,"NA, 2023-11-27",2022-06-03
scMultiSim,NA,2023-03-10
SCmut,2019-04-26,2019-05-07
scMVAE,2020-11-17,2020-11-22
scNanoGPS,NA,2023-01-27
scNAT,2023-12-18,2024-01-05
scNBMF,2019-04-05,2019-04-16
scNCA,NA,2019-02-25
scNetViz,2021-06-07,2021-06-18
SCNorm,"2017-04-17, NA",2016-11-29
scNPF,2019-05-08,2019-05-17
SCNS,2018-05-25,2018-06-01
scNym,"NA, 2021-02-24",2020-06-16
SCODE,"2017-04-04, NA",2016-11-29
SCOIT,,2022-08-12
SComatic,NA,2022-12-02
scone,"2019-04, NA",2016-09-08
scOntoMatch,"2023-10-14, NA",2023-01-27
SCope,"2018-08, NA",2018-06-15
scopeplus,NA,2023-11-03
SCORPION,NA,2023-01-27
SCORPIUS,NA,2016-10-11
SCOUP,,2016-09-08
SCOUT,2019-06,2019-04-05
scover,"NA, 2023-08-15",2022-05-06
SCP,,2022-11-04
SCPA,"2022-11, NA",2022-02-11
scPagwas,"2023-09, NA",2023-03-10
scPanoView,"NA, 2019-08-30",2019-09-09
SCPattern,NA,2016-09-09
scPCA,"2020-03-16, NA, 2020-02-25",2019-11-12
scPharm,NA,2024-01-19
scphaser,2016-08-06,2016-09-09
scPheno,NA,2023-03-10
scPhere,"2021-05-05, NA",2019-12-01
scPipe,"NA, 2018-08-10",2017-06-30
scPlant,"2023-05, NA",2023-07-01
scploid,2017-11-25,2017-12-07
scPlot,"2020-07-27, NA",2019-11-03
scPNMF,"2021-07-01, NA",2021-02-12
scpoisson,"2023-06-17, NA",2023-02-24
scPOP,"2021-10, NA",2021-08-01
scPopCorn,"2019-06, NA",2019-06-28
scPOST,"NA, 2021",2020-11-29
scPower,"2021-11-16, NA",2020-04-13
scPRAM,,2024-01-05
scPred,"NA, 2019-12-12",2018-07-18
scprep,,2019-11-03
scPretrain,"2022-01-06, NA",2020-11-22
scPrisma,"2023-02-27, NA",2023-03-03
scProject,NA,2021-09-03
scProximitE,"2022-09-23, NA",2022-05-20
scPSD,"2022-05-25, NA",2021-10-29
scPSM,2022-07-12,2022-08-12
SCpubr,NA,2022-03-11
scQA,"2024-12, NA",2023-03-31
SCQC,2020-01,2019-03-01
scQCEA,2023-07-06,2023-07-14
scQcut,NA,2021-08-06
scQuint,"NA, 2022-03-01",2021-04-30
SCRABBLE,2019-05-06,2019-05-17
scRAE,NA,2021-08-07
scran,"2018-04-02, NA, 2016-04-27",2016-09-08
scRANK,NA,2023-10-27
scRare,,2022-10-14
scRAS,,2022-12-09
SCRAT,,2018-06-19
scRCMF,2020-05,2019-09-02
SCReadCounts,"NA, 2021-09-22",2020-11-29
scReadSim,"2023-11-18, NA",2022-06-03
scReClassify,2019-12-24,2020-01-02
scRecover,NA,2019-06-20
scREhurdle,2019-06-17,2019-04-07
scriabin,"2023-05-11, NA",2022-02-11
Scribe,"2020-03, NA",2019-05-23
SCRIP,2021-12-07,2021-12-17
SCRIPro,NA,2024-01-05
SCRL,2017-08-28,2017-09-09
scRMD,"2020-03-02, NA",2018-11-13
scRNA,2019-12-30,2020-01-10
scRNABatchQC,2019-08-02,2019-08-12
scRNAbox,NA,2023-11-17
scRNAseqApp,,2023-05-05
scRNASequest,2023-05-02,2023-05-26
scRNAss,2019-04-05,2019-04-16
scROSHI,"2022-06-01, NA",2022-05-01
Scrublet,"2019-04, NA",2018-07-18
scruff,"NA, 2019-05-02",2018-06-27
scRutiNy,,2017-11-20
scry,,2020-04-29
SCSA,"NA, 2020-05-12",2020-01-02
scSampler,"2022-04-15, NA",2022-01-22
SCSC,2023,2021-06-11
scScope,"2019-03-18, NA",2019-03-25
scSDAE,2020-05-11,2020-05-18
scSemiAE,"2022-05-05, NA",2021-11-20
scSemiCluster,2020-10-24,2020-11-08
scSensitiveGeneDefine,2021-04-22,2021-04-30
scSeqComm,2022-01-19,2022-02-04
scSeqR,,2018-11-09
scShaper,"2021-12-09, NA",2021-05-07
scShapes,"2022-12-28, NA",2021-10-29
scSHARP,"2023-06-01, NA",2023-06-02
scShift,NA,2023-11-17
scsim,"NA, 2019-07-08",2019-07-24
scSimClassify,"2021-07, NA",2021-06-04
SCSit,2021,2021-08-27
scSniper,NA,2023-12-01
scSNPdemux,2023-08-31,2023-09-08
scsnv,2021-05-07,2021-05-14
scSO,2021-03-31,2021-04-12
scSorter,2021-02-22,2021-02-26
scSpace,"2023-04-29, NA",2022-05-20
scSPARKL,NA,2023-05-05
scSplit,"NA, 2019-12-19",2019-03-15
scSTEM,2022-07-07,2022-08-12
scSVA,NA,2019-01-14
scTab,NA,2023-10-27
scTCRseq,,2017-09-09
scTDA,2017-05-01,2017-05-09
scTE,"2021-03-05, NA",2021-03-12
scTenifoldKnk,"NA, 2021",2021-03-26
scTenifoldNet,"2020-12, NA",2020-02-21
scTenifoldpy,2020-12,2021-11-20
scTensor,"NA, NA, 2023-11-07",2019-03-15
scTEP,2023-02-20,2022-09-30
scTGIF,,2019-11-03
scTHI,,2020-04-29
scTIE,"NA, 2023-12-15",2024-01-05
scTIM,2019-12-17,2020-01-02
scTITANS,2021,2021-07-31
scTM,,2023-08-24
scTOP,"NA, 2023-11-01",2022-03-25
scTopoGAN,"2023-01-01, NA",2023-05-12
scTour,"NA, 2023-06-23",2022-05-03
sctransform,,2018-07-27
scTree,2020-04-26,2020-05-05
scTreeViz,,2021-10-29
scTriangulate,"2023-01-25, NA",2021-11-05
scTSSR,2020-02-19,2020-03-03
ScType,"2022-03-10, NA",2022-03-18
scTyper,2020-08-04,2020-08-14
SCUBA,2014-12-15,2016-09-12
SCUBI,2022-01,2022-01-14
scumi,"2020-04-06, NA",2019-05-17
scUnifrac,"NA, 2018-10-22",2018-06-01
SCUREL,"NA, 2021-09-14",2021-11-05
scUTRquant,NA,2021-11-27
scuttle,"2017-01-14, NA",2020-10-30
scVAE,"2020-05-16, NA",2018-05-18
scVAEIT,"2022-12-02, NA",2022-11-04
scVDMC,2018-04-09,2018-04-17
scVEGs,2016-08-22,2016-09-09
scVelo,"2020-08-03, NA",2019-11-03
scvi-tools,"2022-03, 2022-02-07, 2018-11-30, 2021-02-15, 2023-05-16, 2020-03-16, NA, NA, NA, NA, NA, NA, NA, NA, NA, 2021-01-25, NA",2018-04-04
scViewer,2023-05-27,2023-09-08
scViralQuant,NA,2023-08-04
scVirtualCyto,"2020-04-20, NA",2019-11-21
scvis,"2018-05-21, NA",2018-11-15
scvr,"NA, 2021-10-28",2020-08-06
scWizard,2022-08,2022-09-02
scX,NA,2023-11-10
scziDesk,2020-05-25,2020-06-05
SDAMS,,2021-08-06
SDImpute,2021-06-17,2021-06-25
SEACells,"2023-03-27, NA",2022-04-08
SEAT,"2022-11-14, NA",2022-10-28
secDrug,2022-03-09,2022-03-18
Secuer,2022-12-05,2022-12-09
SEDIM,2021-09-22,2021-10-02
SEGtool,2017-07-07,2017-07-16
SelfE,2020,2020-07-03
SELINA,"2023-08, NA, 2022",2022-01-14
SEMITONES,"2022-07-31, NA",2020-11-22
SenePy,NA,2023-09-08
SEPA,,2016-09-08
SEPIRA,NA,2019-03-01
seqgendiff,"NA, 2020-05-24",2019-09-09
SEQUIN,"NA, 2022",2022-03-04
SERGIO,"2020-09, NA",2019-10-24
SERM,"2022-11-21, NA",2022-02-04
Seurat,"2019-06, 2021-06, 2015-04-13, 2018-04-02, 2023-05-25, NA, NA, NA, NA, NA, 2019-12-23",2016-09-08
SeuratV3Wizard,,2019-03-01
SeuratWizard,,2019-01-18
SEVtras,2023-12-04,2023-12-08
sfaira,,2021-01-08
ShareNet,2021-07-12,2021-08-06
SHARP,"NA, 2020-01-28",2018-11-09
Sharq,NA,2018-01-25
ShinyCell,"2021-03-28, NA",2020-11-08
ShinyMultiome-UiO,NA,2023-07-14
SiCeLoRe,"2020-08-12, NA",2020-03-25
SICILIAN,"NA, 2021-08-05",2020-04-17
SiCR,NA,2023-08-11
Sierra,"NA, 2020-07-08",2019-12-11
SIEVE,2021-04,2021-05-07
SiFINeT,NA,2023-06-02
SiFT,NA,2023-01-27
SigEMD,2018-08,2018-05-01
sigGCN,"NA, 2021-07-08",2021-06-18
SigHotSpotter,2019-11-07,2019-11-15
SIGMA,NA,2021-05-14
signac,NA,2019-07-11
SignacX,"NA, 2023",2021-02-05
signifinder,NA,2023-03-17
SILGGM,2018-08-13,2018-08-17
SIMBA,"2023-05-29, NA",2021-10-22
SimCD,NA,2021-04-12
SimiC,"2022-04-12, NA",2020-04-13
SIMLR,"2018-01-24, 2017-03-06, NA, NA",2016-09-09
simpleaf,"2023-10-01, NA",2023-03-31
SIMPLEs,"2020-09-28, NA",2020-01-20
SIMS,NA,2022-05-01
simspec,"NA, 2020-09-01",2020-03-12
SINC,2019-10-24,2019-11-03
Sincast,"2022-03-31, NA",2021-11-12
sincell,"2015-06-22, NA",2016-09-08
SINCERA,"2018-03-06, 2015-11-24",2016-09-08
SINCERITIES,"2017-09-14, NA",2017-09-21
SinCHet,2017-05-04,2017-11-20
SinCMat,2024-01,2024-01-19
SingCellaR,2022-06,2022-04-08
SINGE,"2022-02, NA",2019-02-05
SingleCellExplorer,2019-08-27,2019-09-02
SingleCellGGM,NA,2023-02-10
singleCellHaystack,"2020-08-28, 2023-07-22, NA, NA",2019-02-25
singleCellHaystack-py,2023-07-22,2023-07-28
SingleCellNet,"2019-08, NA",2019-08-12
SingleCellSignalR,"2020-03-20, NA",2019-12-18
SingleCellSignatureExplorer,"2019-07-11, NA",2019-05-07
singleCellTK,"2022-03-30, NA, NA, NA, 2022",2018-05-13
SinglePointRNA,NA,2023-05-28
SingleR,"2019-01-14, NA",2018-06-08
singleseqgset,2020-01,2020-05-29
SingleSplice,2016-01-05,2017-01-24
singlet,,2017-12-20
SinNLRR,2019-03-01,2019-03-07
SinQC,2016-04-10,2016-09-08
Sinto,,2020-05-22
SIP,NA,2018-11-13
SiPSiC,NA,2023-03-31
sircel,"NA, 2019-01-17",2017-05-21
SISUA,2020-08-01,2019-12-11
siVAE,"NA, 2023-02-20",2023-02-24
SJD,NA,2022-11-11
SkewC,"2023-03, NA",2023-01-27
slalom,"NA, 2017-11-07",2016-11-29
sleepwalk,"NA, 2020-05-19",2019-04-16
SLICE,2016-12-19,2017-01-10
SLICER,"NA, 2016-05-23",2016-09-08
SLIDE,NA,2022-12-02
slingshot,"NA, 2018-06-19",2016-09-09
SMAI,NA,2023-08-11
SMaSH,"NA, 2022-08-08",2023-06-02
SMGR,2022-07-27,2022-08-19
SMILE,"2021-10-08, NA",2021-02-05
SMNN,"2020-06-26, NA",2019-06-20
SMSC,2020-10-01,2020-10-15
SMURF,"2023-01-28, NA",2022-05-20
SnapATAC2,"2024-01-08, NA",2023-10-20
SnapCCESS,"2023-06-01, NA",2023-02-24
SNN-Cliq,2015-02-11,2018-11-13
SoCube,2023-03-20,2023-03-24
solo,"2020-07, NA",2019-11-21
SoloTE,2022-10-06,2022-10-14
SoptSC,"2019-03-29, NA",2017-08-07
SOUP,"2018-12-26, NA",2019-01-11
souporcell,"2020-05-04, NA",2019-07-15
SoupX,"2020-12-26, NA",2018-05-13
SPADE,"2011-10-02, 2016-06-16",2016-09-09
SpaOTsc,2020-04-29,2020-05-07
sparca,NA,2023-03-03
SparseDC,2017-11-13,2017-11-21
SPARSim,2019-10-09,2019-10-28
SPaRTAN,"2021-09-09, NA",2021-01-08
SpatialScope,"2023-11-29, NA",2023-03-24
SPECK,"2023-01-01, NA",2022-10-14
speckle,"2022-08-25, NA",2021-12-03
Specter,"NA, 2021-02-24",2020-06-16
SPECTRA,"2023-09-21, NA",2023-01-04
Spectre,"2021-04-26, NA",2021-11-05
Spectrum,"2019-09-10, NA",2019-05-23
SPEEDI,NA,2023-11-10
Sphetcher,2020-06,2021-11-05
splattdr,NA,2021-09-17
Splatter,"NA, NA, 2017-09-12, 2021-12",2016-10-27
spliceJAC,2022-11-02,2022-11-11
SPmarker,"NA, 2022-02-24",2021-10-18
SPRING,"2017-12-07, NA",2016-12-05
SPsimSeq,"2020-02-17, NA",2019-06-28
spVIPES,NA,2023-11-10
SR2,NA,2023-08-11
SSBER,2021-05-14,2021-05-21
sscClust,"2019-04, NA",2018-11-13
SSrGE,"2018-11-20, NA",2017-01-10
StabMap,"2023-05-25, NA",2022-03-04
STACAS,"2020-08-26, NA, NA",2020-06-16
STAR,"2012-10-25, NA",2019-01-25
STARE,"2023-01-27, NA",2022-02-04
starmapVis,2023,2023-02-24
StationaryOT,"NA, 2021-12-03",2021-03-05
STEGO-R,NA,2023-10-20
STEM,"2024-01-06, NA",2023-07-01
STEMNET,2017-03-20,2018-02-16
STREAK,"NA, 2023-08-21",2022-12-09
STREAM,"2019-04-23, NA",2018-04-24
supCPM,"2022-03-07, NA",2021-06-25
SuperCell,"NA, 2022-08-13",2021-06-11
supercells,,2021-08-06
Superscan,NA,2021-05-28
SwarnSeq,2021-05,2021-11-27
switchde,"2016-12-23, NA",2016-09-09
SWNE,"2018-12, NA",2018-03-08
Symphony,"2021-10-07, NA",2020-11-22
SymSim,"2019-06-13, NA",2018-08-03
SynergisticCore,2019-03-01,2019-03-01
TACTiCS,"2023-06-01, NA",2023-02-10
talklr,NA,2020-02-20
Tangram,"2021-10-28, NA",2020-09-17
TAR-scRNA-seq,"2021-04-12, NA",2020-08-14
TASC,"2017-09-25, NA",2017-03-29
tascCODA,"NA, 2021-12-07",2021-09-10
TASIC,2017-04-04,2017-04-27
tauFisher,NA,2023-05-05
TBSP,"2019-03-01, NA",2018-11-13
TCM,2018-07-16,2018-07-27
TDEseq,NA,2023-10-20
TDL,"2021-04-20, NA",2020-10-05
TedSim,"2022-04-12, NA",2021-06-25
Tempo,"2022-11-02, NA",2022-03-25
Tempora,"NA, 2020-09-09",2019-11-27
TENET,"2020-11-10, NA",2019-11-12
TFvelo,NA,2023-11-03
tGPT,"2023-05, NA",2023-05-12
TIGON,2023-11-30,2023-12-08
TILPRED,"2020-03-12, NA",2019-11-08
TimeTalk,2023-09-02,2023-09-08
TimiGP,"2023-07, NA",2022-11-25
TinGa,2020-07-13,2020-08-06
TITAN,2022-11-01,2023-03-10
tn_test,"2019-10, NA",2018-11-09
Tobiko,2019-08-20,2022-03-18
TOMAS,NA,2022-11-11
TooManyCells,"2020-03-02, NA",2019-01-18
TooManyCellsInteractive,NA,2023-07-07
TopOMetry,NA,2022-03-18
topslam,NA,2016-09-12
TOSICA,2023-01-14,2023-01-20
Totem,"2023-08-25, NA",2023-09-01
TraCeR,2016-03-07,2016-09-08
trackplot,"NA, 2023-09-05",2023-09-15
tradeSeq,,2019-06-13
TrAGEDy,NA,2023-01-04
Trajan,NA,2019-01-25
TrajectoryNet,NA,2023-03-31
transformGamPoi,"2023-04-10, NA",2021-07-02
Transmorph,"2023-07-12, NA",2023-07-21
TRAPeS,"2017-07-17, NA",2016-11-10
TraSig,"NA, 2022-03-07",2021-07-31
traviz,,2021-11-05
Tree-SNE,NA,2020-02-21
TreeCorTreat,NA,2021-11-05
TREG,"NA, 2023-10-16",2022-05-06
trendsceek,2018-03-19,2018-04-04
Triangulate,2020-10-30,2020-11-08
TRIBAL,NA,2023-12-01
tricycle,"NA, 2022-01-31",2021-04-12
Triku,"2022, NA",2021-02-19
TripletCell,2023-04-20,2023-05-12
TRIPOD,"2022-09, NA",2022-05-20
TRUmiCount,"2018-04-16, NA",2018-04-23
TRUST4,2021-05-13,2021-05-21
trVAE,"2020-12-29, NA",2019-11-03
TSCAN,2016-05-13,2016-09-09
TSEE,2019-04-04,2019-04-16
Tweedieverse,"2022-06-02, NA",2021-04-05
TWO-SIGMA,"2020-09-29, 2022-03-24, NA, NA",2021-01-29
txburst,2019-01-02,2019-01-11
UCE,NA,2023-12-01
UCell,"2021, NA",2021-05-14
ucie,"2022-08-18, NA",2022-03-18
UICPC,2021-10,2021-09-10
UMI_analysis,2018-09-03,2018-12-01
UMI-tools,"NA, 2017-01-18",2016-09-12
UMICollapse,"NA, 2019-12-16",2019-05-31
umis,"2017-03-06, NA",2016-09-12
UNAGI,NA,2024-01-05
UNCURL,"2018-06-27, NA, NA",2017-06-26
UNIFAN,"2022-04-29, 2022-08-25, NA",2021-11-27
UnionCom,"2020-07-13, NA",2020-02-13
UniPath,"2020-12-04, NA",2019-12-18
uniPort,"2022-12-01, NA",2022-12-09
UniTVelo,"2022-11-03, NA",2022-05-06
UniverSC,"2022-11-11, NA",2021-01-22
UPhyloplot2,"NA, 2021-06-05",2020-06-05
URD,2018-04-26,2018-08-24
uSORT,,2018-08-31
UVAE,NA,2024-01-05
VAE-SNE,NA,2020-07-23
vaeda,"2022-11-07, NA",2022-05-01
VALERIE,2020-09-08,2020-09-24
valiDrops,"2023-10-11, NA",2023-02-10
VAM,"2020-07-07, NA",2021-01-15
VAMF,NA,2018-03-15
VarTrix,,2018-09-14
VASC,"2018-10, NA",2017-12-20
VDJdive,,2022-11-04
VDJPuzzle,"2018-04-05, NA",2017-09-01
VECTOR,2020-08,2020-09-10
VEGA,"2021-09-28, NA",2021-10-02
velociraptor,,2020-10-30
velocyto,"2018-08-08, NA",2017-10-29
Velorama,NA,2022-10-28
VeloRep,"2021-12-06, NA",2021-03-26
VeloSim,NA,2021-01-15
VeloVAE,NA,2022-08-12
VeloVGI,NA,2023-11-24
VeloViz,"2021-09-10, NA",2021-01-29
velvet,NA,2023-07-14
Venus,2022-10-27,2022-11-04
VeTra,"2021-05-11, NA",2020-09-10
VIA,"2021-09-20, NA",2021-02-12
VIPCCA,2021-12-06,2021-12-17
VIPER,2018-11-12,2018-11-19
Vireo,"NA, 2019-12-13",2020-01-08
VisCello,"NA, 2019-09-05",2021-02-26
VISION,"2022-04, 2019-09-26, NA, NA",2018-12-08
visnormsc,2017-12-26,2018-01-09
vissE,NA,2022-03-11
VITAE,NA,2021-01-08
Vitessce,,2021-02-19
ViVAE,NA,2023-12-01
VIVS,NA,2023-11-10
VoxHunt,"2021-06, NA",2020-01-18
VPAC,"NA, 2019-05-01",2019-01-25
Vulture,NA,2023-02-17
waddR,2021-04-01,2021-04-12
WASP,2021-03-18,2021-03-26
WAT3R,"2022-06-08, NA",2022-02-04
WaveCrest,2016-08-17,2016-09-12
WEDGE,"2021-04-08, NA",2019-12-11
wf-single-cell,,2022-12-16
Wishbone,2016-05-02,2016-09-09
wot,"2019-02, NA",2019-02-11
Wx,"2019-07-19, NA",2019-07-24
XClone,NA,2023-04-06
XenoCell,"NA, 2021-01-29",2019-06-28
ZetaSuite,"NA, 2022-07-25",2022-08-19
ZIAQ,2020-02-13,2020-02-21
ZIFA,2015-11-02,2016-12-22
ZINB-WaVE,"2018-01-18, NA, NA, NA, 2018-02-26",2017-04-27
ZINBAE,2021-08,2020-10-05
ZINBMM,2023-09-11,2023-09-15
zingeR,"NA, 2018-02-26",2017-07-03
zUMIs,"2018-05-26, NA",2017-06-30
